بأبأ	بءبء
يسعى	سعي
يريدون	ريد
يستطعن	طوع
كتاب	كتب
بالميدان	ميد
بالأسيهم	سهم
آخرين	ءخر
بالأخرة	ءخر
ويرمي	رمي
ويرمي	رمي
يرمون	رمي
راميات	رمي
وترمون	رمي
ويرمين	رمي
وترميان	رمي
ورامون	رمي
وليرميان	رمي
لترميان	رمي
لترمين	رمي
رامي	رمي
ورامي	رمي
رماية	رمي
رمايه	رمي
الراميات	رمي
المرميات	رمي
المتراميات	رمي
مترامية	رمي
مترامي	رمي
الرامون	رمي
والراميات	رمي
وسيقولون	قول
وسيقال	قول
وسيقيلوهم	قول
وتقال	قول
وتقولوا	قول
وتقول	قول
ومقاول	قول
وقالوا	قول
ومقال	قول
وتقل	قول
وتقلن	قول
وليقل	قول
ولتقلنا	قول
لتقل	قول
تقل	قول
ونقل	قول
ولنقل	قول
فتقل	قول
ستقل	قول
ستقلن	قول
وستقلن	قول
فستقل	قول
وقالوا	قول
قالوا	قول
وقالا	قول
قالا	قول
وقالت	قول
قالت	قول
ويقال	قول
يقال	قول
وسيقال	قول
سيقال	قول
ويقلن	قول
يقلن	قول
ويقلنا	قول
يقلنا	قول
وتقال	قول
تقال	قول
وقال	قول
قال	قول
وسأقول	قول
سأقول	قول
وقائل	قول
قائل	قول
وقائلان	قول
قائلان	قول
وقائلون	قول
قائلون	قول
وقائلا	قول
قائلا	قول
ومقال	قول
مقال	قول
وقائلتان	قول
قائلتان	قول
يعد	وعد
تعد	عدد
نعدهم	عدد
وتعدهم	وعد
تعدهم	وعد
وستعدهم	وعد
ستعدهم	وعد
وتعدهما	وعد
تعدهما	وعد
ويعدهم	وعد
يعدهم	وعد
ويعدهما	وعد
يعدهما	وعد
وسيعدهم	وعد
سيعدهم	وعد
وسيعدهما	وعد
سيعدهما	وعد
ولنعدهم	وعد
لنعدهم	وعد
ولنعدهما	وعد
لنعدهما	وعد
ولتعدهم	وعد
لتعدهم	وعد
ولتعدهما	وعد
لتعدهما	وعد
ولتعدها	وعد
لتعدها	وعد
وستعدها	وعد
ستعدها	وعد
ووعدها	وعد
وعدها	وعد
ووعدهم	وعد
وعدهم	وعد
ووعدهما	وعد
وعدهما	وعد
وتعد	وعد
تعد	وعد
وتعدني	وعد
تعدني	وعد
وتعدنا	وعد
تعدنا	وعد
وتعده	وعد
تعده	وعد
وواعدناهم	وعد
واعدناهم	وعد
ووعدناهم	وعد
وعدناهم	وعد
وتعدوهم	وعد
تعدوهم	وعد
يعتاد	عود
أحست	حسس
يحسون	حسس
ثقة	وثق
ثقات	وثق
بثقات	وثق
صفات	وصف
صلاته	وصل
الخيرات	خير
ميثاق	وثق
ميزان	وزن
مواثيق	وثق
ميقات	وقت
ميقاتية	وقت
